<?xml version="1.0" ?>
<LOG_ROOT>
	<PROJECT NAME="comp2020">
		<CBX_INST_ENTRY INSTANCE_NAME="|comp2020|LCD_DRV:u8|raminfr:u2|altsyncram:RAM_rtl_0" CBX_FILE_NAME="altsyncram_fh41.tdf"/>
		<CBX_INST_ENTRY INSTANCE_NAME="|comp2020|TSL2561:u1|lpm_divide:Div2" CBX_FILE_NAME="lpm_divide_qhm.tdf"/>
		<CBX_INST_ENTRY INSTANCE_NAME="|comp2020|TSL2561:u1|lpm_divide:Mod5" CBX_FILE_NAME="lpm_divide_bbm.tdf"/>
		<CBX_INST_ENTRY INSTANCE_NAME="|comp2020|lcdControl:u6|lpm_divide:Mod1" CBX_FILE_NAME="lpm_divide_h8m.tdf"/>
		<CBX_INST_ENTRY INSTANCE_NAME="|comp2020|sevenSegmentControl:u7|lpm_divide:Div0" CBX_FILE_NAME="lpm_divide_agm.tdf"/>
		<CBX_INST_ENTRY INSTANCE_NAME="|comp2020|TSL2561:u1|lpm_divide:Div3" CBX_FILE_NAME="lpm_divide_nhm.tdf"/>
		<CBX_INST_ENTRY INSTANCE_NAME="|comp2020|TSL2561:u1|lpm_divide:Mod2" CBX_FILE_NAME="lpm_divide_bbm.tdf"/>
		<CBX_INST_ENTRY INSTANCE_NAME="|comp2020|sevenSegmentControl:u7|lpm_divide:Mod0" CBX_FILE_NAME="lpm_divide_h8m.tdf"/>
		<CBX_INST_ENTRY INSTANCE_NAME="|comp2020|TSL2561:u1|lpm_divide:Mod3" CBX_FILE_NAME="lpm_divide_bbm.tdf"/>
		<CBX_INST_ENTRY INSTANCE_NAME="|comp2020|TSL2561:u1|lpm_divide:Div1" CBX_FILE_NAME="lpm_divide_4jm.tdf"/>
		<CBX_INST_ENTRY INSTANCE_NAME="|comp2020|TSL2561:u1|lpm_divide:Mod0" CBX_FILE_NAME="lpm_divide_dbm.tdf"/>
		<CBX_INST_ENTRY INSTANCE_NAME="|comp2020|TSL2561:u1|lpm_divide:Mod4" CBX_FILE_NAME="lpm_divide_bbm.tdf"/>
		<CBX_INST_ENTRY INSTANCE_NAME="|comp2020|lcdControl:u6|lpm_divide:Div1" CBX_FILE_NAME="lpm_divide_agm.tdf"/>
	</PROJECT>
</LOG_ROOT>
