<?xml version="1.0" ?>
<LOG_ROOT>
	<PROJECT NAME="empty">
		<CBX_INST_ENTRY INSTANCE_NAME="|empty|TSL2561:u6|lpm_divide:Mod0" CBX_FILE_NAME="lpm_divide_dbm.tdf"/>
		<CBX_INST_ENTRY INSTANCE_NAME="|empty|lcdControl:u2|lpm_divide:Div6" CBX_FILE_NAME="lpm_divide_agm.tdf"/>
		<CBX_INST_ENTRY INSTANCE_NAME="|empty|lcdControl:u2|lpm_divide:Mod1" CBX_FILE_NAME="lpm_divide_h8m.tdf"/>
		<CBX_INST_ENTRY INSTANCE_NAME="|empty|DHT11:u0|DHT11_BASIC:u0|lpm_divide:Mod0" CBX_FILE_NAME="lpm_divide_f8m.tdf"/>
		<CBX_INST_ENTRY INSTANCE_NAME="|empty|lcdControl:u2|lpm_mult:Mult0|multcore:mult_core|mpar_add:padder|mpar_add:sub_par_add|lpm_add_sub:adder[0]" CBX_FILE_NAME="add_sub_ffh.tdf"/>
		<CBX_INST_ENTRY INSTANCE_NAME="|empty|DHT11:u0|DHT11_BASIC:u0|lpm_divide:Mod1" CBX_FILE_NAME="lpm_divide_f8m.tdf"/>
		<CBX_INST_ENTRY INSTANCE_NAME="|empty|TSL2561:u6|lpm_divide:Mod2" CBX_FILE_NAME="lpm_divide_bbm.tdf"/>
		<CBX_INST_ENTRY INSTANCE_NAME="|empty|lcdControl:u2|lpm_divide:Div0" CBX_FILE_NAME="lpm_divide_agm.tdf"/>
		<CBX_INST_ENTRY INSTANCE_NAME="|empty|LCD_DRV:u3|raminfr:u2|altsyncram:RAM_rtl_0" CBX_FILE_NAME="altsyncram_fh41.tdf"/>
		<CBX_INST_ENTRY INSTANCE_NAME="|empty|TSL2561:u6|lpm_divide:Mod3" CBX_FILE_NAME="lpm_divide_bbm.tdf"/>
		<CBX_INST_ENTRY INSTANCE_NAME="|empty|lcdControl:u2|lpm_divide:Div1" CBX_FILE_NAME="lpm_divide_bgm.tdf"/>
		<CBX_INST_ENTRY INSTANCE_NAME="|empty|lcdControl:u2|lpm_divide:Div5" CBX_FILE_NAME="lpm_divide_dgm.tdf"/>
		<CBX_INST_ENTRY INSTANCE_NAME="|empty|lcdControl:u2|lpm_divide:Mod0" CBX_FILE_NAME="lpm_divide_h8m.tdf"/>
		<CBX_INST_ENTRY INSTANCE_NAME="|empty|lcdControl:u2|lpm_mult:Mult0|multcore:mult_core|mpar_add:padder|lpm_add_sub:adder[0]" CBX_FILE_NAME="add_sub_bfh.tdf"/>
		<CBX_INST_ENTRY INSTANCE_NAME="|empty|uart:u7|lpm_mult:Mult0" CBX_FILE_NAME="mult_fft.tdf"/>
		<CBX_INST_ENTRY INSTANCE_NAME="|empty|DHT11:u0|DHT11_BASIC:u0|lpm_divide:Div0" CBX_FILE_NAME="lpm_divide_9gm.tdf"/>
		<CBX_INST_ENTRY INSTANCE_NAME="|empty|TSL2561:u6|lpm_divide:Div1" CBX_FILE_NAME="lpm_divide_4jm.tdf"/>
		<CBX_INST_ENTRY INSTANCE_NAME="|empty|TSL2561:u6|lpm_divide:Mod4" CBX_FILE_NAME="lpm_divide_bbm.tdf"/>
		<CBX_INST_ENTRY INSTANCE_NAME="|empty|lcdControl:u2|lpm_divide:Div2" CBX_FILE_NAME="lpm_divide_shm.tdf"/>
		<CBX_INST_ENTRY INSTANCE_NAME="|empty|uart:u7|lpm_mult:Mult1" CBX_FILE_NAME="mult_fft.tdf"/>
		<CBX_INST_ENTRY INSTANCE_NAME="|empty|DHT11:u0|DHT11_BASIC:u0|lpm_divide:Div1" CBX_FILE_NAME="lpm_divide_9gm.tdf"/>
		<CBX_INST_ENTRY INSTANCE_NAME="|empty|TSL2561:u6|lpm_divide:Div2" CBX_FILE_NAME="lpm_divide_qhm.tdf"/>
		<CBX_INST_ENTRY INSTANCE_NAME="|empty|TSL2561:u6|lpm_divide:Mod5" CBX_FILE_NAME="lpm_divide_bbm.tdf"/>
		<CBX_INST_ENTRY INSTANCE_NAME="|empty|lcdControl:u2|lpm_divide:Div3" CBX_FILE_NAME="lpm_divide_egm.tdf"/>
		<CBX_INST_ENTRY INSTANCE_NAME="|empty|TSL2561:u6|lpm_divide:Div3" CBX_FILE_NAME="lpm_divide_nhm.tdf"/>
		<CBX_INST_ENTRY INSTANCE_NAME="|empty|lcdControl:u2|lpm_divide:Div4" CBX_FILE_NAME="lpm_divide_egm.tdf"/>
	</PROJECT>
</LOG_ROOT>
